GPSlatitude,GPSlongitude
37.631805,126.712017
37.631805,126.712017
37.631805,126.712017
37.631805,126.712017
37.631755,126.71198
37.631755,126.71198
37.631755,126.71198
37.631755,126.71198
37.631755,126.71198
37.631755,126.71198
37.631755,126.71198
37.631755,126.71198
37.631755,126.71198
37.631755,126.71198
37.6317,126.71194
37.6317,126.71194
37.6317,126.71194
37.6317,126.71194
37.6317,126.71194
37.6317,126.71194
37.6317,126.71194
37.6317,126.71194
37.6317,126.71194
37.6317,126.71194
37.63164,126.711895
37.63164,126.711895
37.63164,126.711895
37.63164,126.711895
37.63164,126.711895
37.63164,126.711895
37.63164,126.711895
37.63164,126.711895
37.63164,126.711895
37.63164,126.711895
37.631578,126.711848
37.631578,126.711848
37.631578,126.711848
37.631578,126.711848
37.631578,126.711848
37.631578,126.711848
37.631578,126.711848
37.631578,126.711848
37.631578,126.711848
37.631578,126.711848
37.631517,126.711797
37.631517,126.711797
37.631517,126.711797
37.631517,126.711797
37.631517,126.711797
37.631517,126.711797
37.631517,126.711797
37.631517,126.711797
37.631517,126.711797
37.631517,126.711797
37.631458,126.711743
37.631458,126.711743
37.631458,126.711743
37.631458,126.711743
37.631458,126.711743
37.631458,126.711743
37.631458,126.711743
37.631458,126.711743
37.631458,126.711743
37.631458,126.711743
37.631402,126.71169
37.631402,126.71169
37.631402,126.71169
37.631402,126.71169
37.631402,126.71169
37.631402,126.71169
37.631402,126.71169
37.631402,126.71169
37.631402,126.71169
37.631402,126.71169
37.631345,126.711638
37.631345,126.711638
37.631345,126.711638
37.631345,126.711638
37.631345,126.711638
37.631345,126.711638
37.631345,126.711638
37.631345,126.711638
37.631345,126.711638
37.631345,126.711638
37.631292,126.71159
37.631292,126.71159
37.631292,126.71159
37.631292,126.71159
37.631292,126.71159
37.631292,126.71159
37.631292,126.71159
37.631292,126.71159
37.631292,126.71159
37.631292,126.71159
37.631238,126.711545
37.631238,126.711545
37.631238,126.711545
37.631238,126.711545
37.631238,126.711545
37.631238,126.711545
37.631238,126.711545
37.631238,126.711545
37.631238,126.711545
37.631238,126.711545
37.631187,126.711502
37.631187,126.711502
37.631187,126.711502
37.631187,126.711502
37.631187,126.711502
37.631187,126.711502
37.631187,126.711502
37.631187,126.711502
37.631187,126.711502
37.631187,126.711502
37.631133,126.711465
37.631133,126.711465
37.631133,126.711465
37.631133,126.711465
37.631133,126.711465
37.631133,126.711465
37.631133,126.711465
37.631133,126.711465
37.631133,126.711465
37.631133,126.711465
37.631082,126.711428
37.631082,126.711428
37.631082,126.711428
37.631082,126.711428
37.631082,126.711428
37.631082,126.711428
37.631082,126.711428
37.631082,126.711428
37.631082,126.711428
37.631082,126.711428
37.631032,126.71139
37.631032,126.71139
37.631032,126.71139
37.631032,126.71139
37.631032,126.71139
37.631032,126.71139
37.631032,126.71139
37.631032,126.71139
37.631032,126.71139
37.631032,126.71139
37.630982,126.711355
37.630982,126.711355
37.630982,126.711355
37.630982,126.711355
37.630982,126.711355
37.630982,126.711355
37.630982,126.711355
37.630982,126.711355
37.630982,126.711355
37.630982,126.711355
37.630935,126.71132
37.630935,126.71132
37.630935,126.71132
37.630935,126.71132
37.630935,126.71132
37.630935,126.71132
37.630935,126.71132
37.630935,126.71132
37.630935,126.71132
37.630935,126.71132
37.63089,126.711288
37.63089,126.711288
37.63089,126.711288
37.63089,126.711288
37.63089,126.711288
37.63089,126.711288
37.63089,126.711288
37.63089,126.711288
37.63089,126.711288
37.63089,126.711288
37.630847,126.711258
37.630847,126.711258
37.630847,126.711258
37.630847,126.711258
37.630847,126.711258
37.630847,126.711258
37.630847,126.711258
37.630847,126.711258
37.630847,126.711258
37.630847,126.711258
37.630808,126.711232
37.630808,126.711232
37.630808,126.711232
37.630808,126.711232
37.630808,126.711232
37.630808,126.711232
37.630808,126.711232
37.630808,126.711232
37.630808,126.711232
37.630808,126.711232
37.630772,126.711205
37.630772,126.711205
37.630772,126.711205
37.630772,126.711205
37.630772,126.711205
37.630772,126.711205
37.630772,126.711205
37.630772,126.711205
37.630772,126.711205
37.630772,126.711205
37.630738,126.71118
37.630738,126.71118
37.630738,126.71118
37.630738,126.71118
37.630738,126.71118
37.630738,126.71118
37.630738,126.71118
37.630738,126.71118
37.630738,126.71118
37.630738,126.71118
37.630703,126.711155
37.630703,126.711155
37.630703,126.711155
37.630703,126.711155
37.630703,126.711155
37.630703,126.711155
37.630703,126.711155
37.630703,126.711155
37.630703,126.711155
37.630703,126.711155
37.630672,126.711127
37.630672,126.711127
37.630672,126.711127
37.630672,126.711127
37.630672,126.711127
37.630672,126.711127
37.630672,126.711127
37.630672,126.711127
37.630672,126.711127
37.630672,126.711127
37.630645,126.71109
37.630645,126.71109
37.630645,126.71109
37.630645,126.71109
37.630645,126.71109
37.630645,126.71109
37.630645,126.71109
37.630645,126.71109
37.630645,126.71109
37.630645,126.71109
37.630625,126.711043
37.630625,126.711043
37.630625,126.711043
37.630625,126.711043
37.630625,126.711043
37.630625,126.711043
37.630625,126.711043
37.630625,126.711043
37.630625,126.711043
37.630625,126.711043
37.630615,126.710988
37.630615,126.710988
37.630615,126.710988
37.630615,126.710988
37.630615,126.710988
37.630615,126.710988
37.630615,126.710988
37.630615,126.710988
37.630615,126.710988
37.630615,126.710988
37.630615,126.710927
37.630615,126.710927
37.630615,126.710927
37.630615,126.710927
37.630615,126.710927
37.630615,126.710927
37.630615,126.710927
37.630615,126.710927
37.630615,126.710927
37.630615,126.710927
37.630622,126.710853
37.630622,126.710853
37.630622,126.710853
37.630622,126.710853
37.630622,126.710853
37.630622,126.710853
37.630622,126.710853
37.630622,126.710853
37.630622,126.710853
37.630622,126.710853
37.630638,126.710772
37.630638,126.710772
37.630638,126.710772
37.630638,126.710772
37.630638,126.710772
37.630638,126.710772
37.630638,126.710772
37.630638,126.710772
37.630638,126.710772
37.630638,126.710772
37.630663,126.710685
37.630663,126.710685
37.630663,126.710685
37.630663,126.710685
37.630663,126.710685
37.630663,126.710685
37.630663,126.710685
37.630663,126.710685
37.630663,126.710685
37.630663,126.710685
37.630697,126.71059
37.630697,126.71059
37.630697,126.71059
37.630697,126.71059
37.630697,126.71059
37.630697,126.71059
37.630697,126.71059
37.630697,126.71059
37.630697,126.71059
37.630697,126.71059
37.63074,126.710492
37.63074,126.710492
37.63074,126.710492
37.63074,126.710492
37.63074,126.710492
37.63074,126.710492
37.63074,126.710492
37.63074,126.710492
37.63074,126.710492
37.63074,126.710492
37.63079,126.71039
37.63079,126.71039
37.63079,126.71039
37.63079,126.71039
37.63079,126.71039
37.63079,126.71039
37.63079,126.71039
37.63079,126.71039
37.63079,126.71039
37.63079,126.71039
37.630847,126.710282
37.630847,126.710282
37.630847,126.710282
37.630847,126.710282
37.630847,126.710282
37.630847,126.710282
37.630847,126.710282
37.630847,126.710282
37.630847,126.710282
37.630847,126.710282
37.630908,126.710167
37.630908,126.710167
37.630908,126.710167
37.630908,126.710167
37.630908,126.710167
37.630908,126.710167
37.630908,126.710167
37.630908,126.710167
37.630908,126.710167
37.630908,126.710167
37.630973,126.710047
37.630973,126.710047
37.630973,126.710047
37.630973,126.710047
37.630973,126.710047
37.630973,126.710047
37.630973,126.710047
37.630973,126.710047
37.630973,126.710047
37.630973,126.710047
37.631043,126.70992
37.631043,126.70992
37.631043,126.70992
37.631043,126.70992
37.631043,126.70992
37.631043,126.70992
37.631043,126.70992
37.631043,126.70992
37.631043,126.70992
37.631043,126.70992
37.631115,126.709788
37.631115,126.709788
37.631115,126.709788
37.631115,126.709788
37.631115,126.709788
37.631115,126.709788
37.631115,126.709788
37.631115,126.709788
37.631115,126.709788
37.631115,126.709788
37.63119,126.709653
37.63119,126.709653
37.63119,126.709653
37.63119,126.709653
37.63119,126.709653
37.63119,126.709653
37.63119,126.709653
37.63119,126.709653
37.63119,126.709653
37.63119,126.709653
37.631263,126.709515
37.631263,126.709515
37.631263,126.709515
37.631263,126.709515
37.631263,126.709515
37.631263,126.709515
37.631263,126.709515
37.631263,126.709515
37.631263,126.709515
37.631263,126.709515
37.631332,126.709373
37.631332,126.709373
37.631332,126.709373
37.631332,126.709373
37.631332,126.709373
37.631332,126.709373
37.631332,126.709373
37.631332,126.709373
37.631332,126.709373
37.631332,126.709373
37.631395,126.70923
37.631395,126.70923
37.631395,126.70923
37.631395,126.70923
37.631395,126.70923
37.631395,126.70923
37.631395,126.70923
37.631395,126.70923
37.631395,126.70923
37.631395,126.70923
37.631455,126.709083
37.631455,126.709083
37.631455,126.709083
37.631455,126.709083
37.631455,126.709083
37.631455,126.709083
37.631455,126.709083
37.631455,126.709083
37.631455,126.709083
37.631455,126.709083
37.631508,126.708935
37.631508,126.708935
37.631508,126.708935
37.631508,126.708935
37.631508,126.708935
37.631508,126.708935
37.631508,126.708935
37.631508,126.708935
37.631508,126.708935
37.631508,126.708935
37.631557,126.708783
37.631557,126.708783
37.631557,126.708783
37.631557,126.708783
37.631557,126.708783
37.631557,126.708783
37.631557,126.708783
37.631557,126.708783
37.631557,126.708783
37.631557,126.708783
37.631602,126.708632
37.631602,126.708632
37.631602,126.708632
37.631602,126.708632
37.631602,126.708632
37.631602,126.708632
37.631602,126.708632
37.631602,126.708632
37.631602,126.708632
37.631602,126.708632
37.631642,126.708483
37.631642,126.708483
37.631642,126.708483
37.631642,126.708483
37.631642,126.708483
37.631642,126.708483
37.631642,126.708483
37.631642,126.708483
37.631642,126.708483
37.631642,126.708483
37.631678,126.708337
37.631678,126.708337
37.631678,126.708337
37.631678,126.708337
37.631678,126.708337
37.631678,126.708337
37.631678,126.708337
37.631678,126.708337
37.631678,126.708337
37.631678,126.708337
37.631708,126.708193
37.631708,126.708193
37.631708,126.708193
37.631708,126.708193
37.631708,126.708193
37.631708,126.708193
37.631708,126.708193
37.631708,126.708193
37.631708,126.708193
37.631708,126.708193
37.631733,126.70806
37.631733,126.70806
37.631733,126.70806
37.631733,126.70806
37.631733,126.70806
37.631733,126.70806
37.631733,126.70806
37.631733,126.70806
37.631733,126.70806
37.631733,126.70806
37.631752,126.707938
37.631752,126.707938
37.631752,126.707938
37.631752,126.707938
37.631752,126.707938
37.631752,126.707938
37.631752,126.707938
37.631752,126.707938
37.631752,126.707938
37.631752,126.707938
37.631768,126.707833
37.631768,126.707833
37.631768,126.707833
37.631768,126.707833
37.631768,126.707833
37.631768,126.707833
37.631768,126.707833
37.631768,126.707833
37.631768,126.707833
37.631768,126.707833
37.63178,126.707743
37.63178,126.707743
37.63178,126.707743
37.63178,126.707743
37.63178,126.707743
37.63178,126.707743
37.63178,126.707743
37.63178,126.707743
37.63178,126.707743
37.63178,126.707743
37.63179,126.707668
37.63179,126.707668
37.63179,126.707668
37.63179,126.707668
37.63179,126.707668
37.63179,126.707668
37.63179,126.707668
37.63179,126.707668
37.63179,126.707668
37.63179,126.707668
37.631797,126.707608
37.631797,126.707608
37.631797,126.707608
37.631797,126.707608
37.631797,126.707608
37.631797,126.707608
37.631797,126.707608
37.631797,126.707608
37.631797,126.707608
37.631797,126.707608
37.631803,126.707562
37.631803,126.707562
37.631803,126.707562
37.631803,126.707562
37.631803,126.707562
37.631803,126.707562
37.631803,126.707562
37.631803,126.707562
37.631803,126.707562
37.631803,126.707562
37.631808,126.707525
37.631808,126.707525
37.631808,126.707525
37.631808,126.707525
37.631808,126.707525
37.631808,126.707525
37.631808,126.707525
37.631808,126.707525
37.631808,126.707525
37.631808,126.707525
37.631812,126.707497
37.631812,126.707497
37.631812,126.707497
37.631812,126.707497
37.631812,126.707497
37.631812,126.707497
37.631812,126.707497
37.631812,126.707497
37.631812,126.707497
37.631812,126.707497
37.631813,126.707478
37.631813,126.707478
37.631813,126.707478
37.631813,126.707478
37.631813,126.707478
37.631813,126.707478
37.631813,126.707478
37.631813,126.707478
37.631813,126.707478
37.631813,126.707478
37.631815,126.707467
37.631815,126.707467
37.631815,126.707467
37.631815,126.707467
37.631815,126.707467
37.631815,126.707467
